Name,Phone number,Address,Website
Sweetree RestaurantWebsiteDirections            Saved (0) Saved Save     ,+60 17-282 1550,"L1, 12 L1 & 13, L2, Jalan Ampang Putra, Taman Putra Sulaiman, 68000 Ampang, Selangor, Malaysia",http://www.sweetree.net/
La Risata Bar Pizzeria Ristorante (Ampang)WebsiteDirections            Saved (0) Saved Save     ,+60 3-4252 6269,"16, Persiaran Ampang, Kuala Ampang, 55000 Kuala Lumpur, Wilayah Persekutuan Kuala Lumpur, Malaysia",http://la-risata.com/
YaHala Restaurant - AmpangWebsiteDirections            Saved (0) Saved Save     ,+60 3-4266 3552,"1, Jalan Nipah, Kampung Berembang, 55000 Kuala Lumpur, Wilayah Persekutuan Kuala Lumpur, Malaysia",http://www.yahalares.com/
Tehran RestaurantWebsiteDirections            Saved (0) Saved Save     ,+60 12-505 5909,"Business Avenue, A 10-1-1, Jalan Ampang Utama 2/2, One Ampang, Taman Ampang Utama, 68000 Ampang Jaya, Selangor, Malaysia",https://easyeat.ai/r/tehran-restaurant
Royal Family RestaurantWebsiteDirections            Saved (0) Saved Save     ,+60 11-1123 8442,"Unit 10، L1, Jalan Ampang Putra, Taman Putra Sulaiman, 68000 Ampang Jaya, Selangor, Malaysia",https://www.facebook.com/royalfamilyrest/
Mohd Chan Restaurant @ Ampang,+60 11-2330 5584,"Ground Floor, No 39 & 40, Jln Mamanda 9, Taman Dato Ahmad Razali, 68000 Ampang, Selangor, Malaysia",http://www.mohdchan.com.my/
QASAR BALQIS RESTAURANT (Ampang),+60 3-4266 8681,"Jalan 5, 498, Jln Ampang, Batu 4 1, 68000 Ampang, Selangor, Malaysia",http://www.qasarbalqis.com/
Chalet Suisse RestaurantWebsiteDirections            Saved (0) Saved Save     ,+60 3-4252 4589,"No.C11-1, Jalan 1 & Jalan Ampang Utama 1/1, One Ampang Avenue, 68000 Ampang, Selangor, Malaysia",http://chaletsuisse.com.my/
Brix RestaurantWebsiteDirections            Saved (0) Saved Save     ,+60 3-4266 9492,"R-6-G, Ground Floor, M City Ampang, 326, Jalan Ampang, Ampang, 50450 Kuala Lumpur, Federal Territory of Kuala Lumpur, Malaysia",http://www.brix.com.my/
Naan Corner RestaurantDirections            Saved (0) Saved Save     ,+60 16-947 2020,"12, Lorong Kerja Air Lama 2, Ukay Heights, 68000 Ampang, Selangor, Malaysia",#
Kabul Darbar RestaurantWebsiteDirections            Saved (0) Saved Save     ,+60 11-3610 7004,"B14-1 Batu, 4.5, Jalan Ampang Utama 2/2, 68000 Ampang, Selangor, Malaysia",https://easyeat.ai/r/kabul-darbar
Me'nate Steak House - Ampang,+60 3-4265 2445,"16, Jalan Kerja Air Lama 1, Taman Shuet Liang, 68000 Ampang, Selangor, Malaysia",https://www.menate.com.my/
Tamarind SpringsWebsiteDirections            Saved (0) Saved Save     ,+60 3-2716 2737,"Jalan 1, Taman Tun Abdul Razak, 68000 Ampang, Selangor, Malaysia",https://www.tamarindrestaurants.com/tamarind-springs
The Daily Grind AmpangWebsiteDirections            Saved (0) Saved Save     ,+60 3-4265 7600,"26, Persiaran Ampang, Desa Pahlawan, 55000 Kuala Lumpur, Wilayah Persekutuan Kuala Lumpur, Malaysia",http://www.thedailygrind.com.my/
Super Saigon Ampang - Pho Beef Cafe,+60 3-2856 9998,"34, Persiaran Ampang, Desa Pahlawan, 55000 Kuala Lumpur, Wilayah Persekutuan Kuala Lumpur, Malaysia",#
NAEB Iranian Fine CuisineWebsiteDirections            Saved (0) Saved Save     ,+60 12-393 0015,"30, Jalan Mamanda 7, Taman Dato Ahmad Razali, 68000 Ampang, Selangor, Malaysia",https://naeb-iranian-fine-cuisine.business.site/?copy
Taiwan Noodle House,+60 3-4251 5131,"F31, Jln Mamanda 9, Taman Dato Ahmad Razali, 68000 Ampang Jaya, Selangor, Malaysia",#
Jal Dae Ji - Korean BBQ 韩国烤肉WebsiteDirections            Saved (0) Saved Save     ,+60 16-671 4625,"One Business Avenue, Jalan Ampang Utama 2/2, Taman Ampang Utama, 68000 Ampang Jaya, Selangor, Malaysia",http://www.facebook.com/jaldaeji
Hillside CornerDirections            Saved (0) Saved Save     ,+60 3-4108 8301,"12 Bukit Antarabangsa, Jalan Wangsa 2, Hulu Kelang, 68000 Ampang, Selangor, Malaysia",#
"Kay's Steak & Lobster (Liberty Arc, Ampang)WebsiteDirections            Saved (0) Saved Save     ",+60 3-4065 5127,"B3-7, Arc @ Ampang Ukay Persiaran Ampang Ukay, 68000 Ampang, Selangor, Malaysia",http://www.kaysteaklobster.com/
Haila RestaurantWebsiteDirections            Saved (0) Saved Save     ,+60 11-6238 2618,"B14-1, Batu, 4.5, Jalan Ampang Utama 2/2, 68000 Ampang Jaya, Selangor, Malaysia",https://haila-restaurant.business.site/?utm_source=gmb&utm_medium=referral
FattyCrabsWebsiteDirections            Saved (0) Saved Save     ,+60 1-300-22-2100,"B3-2 & B3-3, Liberty Arc @ Ampang Ukay, Persiaran Ampang Ukay, 68000, Ampang Jaya, Selangor, Malaysia",http://www.fattycrabs.com/
Kawd Ampang WaterfrontWebsiteDirections            Saved (0) Saved Save     ,+60 12-345 2240,"46, Jalan Awf 3, Ampang Waterfront, 68000 Ampang, Selangor, Malaysia",http://www.kawdofficial.com/
Restaurant Yeah CuisineWebsiteDirections            Saved (0) Saved Save     ,+60 14-201 1302,"No. 41, Jalan Awan, Kuala Ampang, 68000 Ampang, Selangor, Malaysia",https://www.facebook.com/yeahcuisine
Arab Town RestaurantDirections            Saved (0) Saved Save     ,+60 3-4266 7630,"21-27, Jalan Mamanda 4, Taman Dato Ahmad Razali, 68000 Ampang, Selangor, Malaysia",#
Hadramawt Kitchen AmpangWebsiteDirections            Saved (0) Saved Save     ,+60 19-242 8841,"314, Jln Ampang, Kampung Berembang, 50450 Kuala Lumpur, Wilayah Persekutuan Kuala Lumpur, Malaysia",http://www.hadramawt-kitchen.my/
SaporeWebsiteDirections            Saved (0) Saved Save     ,+60 3-4266 6362,"18, Persiaran Ampang, Desa Pahlawan, 55000 Kuala Lumpur, Wilayah Persekutuan Kuala Lumpur, Malaysia",http://www.sapore18my.com/
Auntie Khoo Kitchen,+60 3-4287 5332,"6-G, Jalan Dravidan, Bandar Baru Ampang, 68000 Ampang Jaya, Selangor, Malaysia",#
C Good Home RestaurantDirections            Saved (0) Saved Save     ,+60 16-773 7326,"622, Jalan Merdeka, Kampung Baru Ampang, 68000 Ampang, Selangor, Malaysia",#
Uncle Jang Restaurant,+60 3-4285 6264,"Malaysia, Federal Territory of Kuala Lumpur, Kuala Lumpur, D7 Jalan Excella 2 Off Ampang Putra Taman Ampang Hilir",#
Restaurant Long Thai Food,+60 11-3790 4188,"10, Jalan Excella 3, Taman Ampang Hilir, 55100 Kuala Lumpur, Selangor, Malaysia",#
Lale Cafe & Restaurant,+60 12-430 9125,"2A, Jalan Ampang Hilir, Off, Jln Ampang, Taman U Thant, 55000 Kuala Lumpur, Federal Territory of Kuala Lumpur, Malaysia",#
Royal Hadramawt RestaurantWebsiteDirections            Saved (0) Saved Save     ,+60 3-4265 6464,"Lot GB, Plaza Flamingo, No.2, Tasik Ampang Jalan, 68000 Ampang Jaya, Selangor, Malaysia",http://www.royalhadramawt.com/
Hameediyah Bistro Ampang K.LDirections            Saved (0) Saved Save     ,+60 16-447 0194,"Lot 36904 (PT 27423), Jalan Kolam Ayer Lama, Taman Dato Ahmad Razali, 68000 Ampang Jaya, Selangor, Malaysia",#
Maniam's Corner,+60 10-948 7808,"2, Jalan Kolam Air Lama, Taman Dato Ahmad Razali, 68000 Ampang, Selangor, Malaysia",#
Nippon Sushi Ampang,+60 3-4266 8855,"Lorong Mamanda 1, Taman Dato Ahmad Razali, 68000 Ampang, Selangor, Malaysia",http://www.nipponsushi.com.my/
Restaurant Beng KeeWebsiteDirections            Saved (0) Saved Save     ,+60 12-221 8551,"No.15, 17, Jalan Awan, Ampang, Kuala Lumpur, 68000 Ampang Jaya, Selangor, Malaysia",https://www.facebook.com/BengKeeSeafood/
Cozy Corner @ Ampang Point,+60 3-4260 2323,"Ampang Point Mezanine Floor Jalan Mamanda 4 Taman Dato Ahmad Razali 68000 Ampang Jaya Selangor Jalan Mamanda 4 Taman Dato Ahmad Razali 68000 Ampang Jaya Selangor Malaysia, Jalan Mamanda 4, Taman Dato Ahmad Razali, 68000 Ampang Jaya, Selangor, Malaysia",#
Restoran Utama Cafe,+60 11-1631 5786,"B3, 1, Jalan Ampang Utama 2/2, One Ampang Avenue, 68000 Ampang Jaya, Selangor, Malaysia",#
MARYAM RESTAURANT Arabic foodDirections            Saved (0) Saved Save     ,+60 3-4266 7248,"14, Jalan Mamanda 5, Taman Dato Ahmad Razali, 68000 Ampang, Selangor, Malaysia",#
"Restoran Teochew & Hakka, AmpangWebsiteDirections            Saved (0) Saved Save     ",+60 16-256 0181,"363-1, Jalan Ampang Batu 4 吉隆坡, 50450, Federal Territory of Kuala Lumpur, Malaysia",https://teochewhakka.oddle.me/en_MY
Safa Restaurant,+60 13-302 2221,"De Palma Hotel Ampang, Jalan Selaman 1/2, Palm Square Ampang Point, Jalan Ampang, 68000 Ampang Jaya, Selangor, Malaysia",http://safarestaurant.wordpress.com/
kangsane restaurantDirections            Saved (0) Saved Save     ,+60 19-321 5685,"A11/5/5, Ampang business avenue, ampang, s, 68000 Ampang, Selangor, Malaysia",#
Gomone Restaurant,+60 3-4266 7858,"Ampang Point, F 32, Jalan Mamanda 3, Taman Dato Ahmad Razali, 68000 Ampang Jaya, Selangor, Malaysia",https://www.facebook.com/gomonaekoreafood/
Espresso Hookah CafeDirections            Saved (0) Saved Save     ,+60 16-947 1646,"B2-2Batu, Jalan Ampang Utama 2/2, Taman Ampang Utama, 68000 Ampang Jaya, Selangor, Malaysia",#
Kah Heong Restaurant Taste,+60 18-213 2623,"No. 89, Main Street, Pekan Ampang, 68000 Ampang, Selangor, Malaysia",#
Restoran Al AndalusDirections            Saved (0) Saved Save     ,+60 3-4288 6046,"Taman Putra Sulaiman, 68000 Ampang Jaya, Selangor, Malaysia",#
Restoran On Pong,+60 16-381 8060,"G - 41 - 1, Plaza Ampang Jaya, Jalan Mewah 1, Taman Ampang Mewah, 68000 Ampang, Selangor, Malaysia",#
Family’SS Steamboat and Grill AmpangDirections            Saved (0) Saved Save     ,+60 12-678 7849,"1, 3, Jalan Nirwana 34, Taman Nirwana, 68000 Ampang Jaya, Selangor, Malaysia",#
SoondaeyaWebsiteDirections            Saved (0) Saved Save     ,+60 3-4821 3996,"17, L2, Jalan Ampang Putra, Taman Putra Sulaiman, 68000 Ampang Jaya, Selangor, Malaysia",https://www.facebook.com/soondaeya/
ROLLO Mexican FoodDirections            Saved (0) Saved Save     ,+60 11-3765 1269,"A-01-G, Jalan Dagang Besar, Taman Dagang, 68000 Ampang Jaya, Selangor, Malaysia",#
Restaurant Loke Yun Ampang,+60 3-4291 9884,"158, Jalan Besar Ampang, Pekan Ampang, 68000 Ampang, Selangor, Malaysia",#
Dragon Thai Restaurant Jalan Nirwana 38 Ampang (HALAL FOOD)WebsiteDirections            Saved (0) Saved Save     ,+60 3-2303 9797,"B2-2-G Ground Floor City Garden Commercial Center, Jalan Nirwana 38, Taman Nirwana, 68000 Ampang, Selangor, Malaysia",https://www.foodpanda.my/restaurant/n1ih/dragon-thai-restaurant?r=1
Thirupathy Curry House,+60 17-488 0849,"4, 371, Jalan Ampang, Desa Pahlawan, 50450 Kuala Lumpur, Federal Territory of Kuala Lumpur, Malaysia",#
Hanwoori RestaurantWebsiteDirections            Saved (0) Saved Save     ,+60 3-4253 1308,"C6, 1, Jalan Ampang Utama 1/1, Taman Ampang Utama, 68000 Ampang Jaya, Selangor, Malaysia",http://www.facebook.com/hanwoorimy
Bora-bora Cafe & Restaurant,+60 3-4251 6303,"75, Ampang Point Shopping Centre, Jalan Mamanda 3, 68000 Ampang Jaya, Selangor, Malaysia",Not available
Sbai Thai Mini Mart And RESTAURANTWebsiteDirections            Saved (0) Saved Save     ,+60 16-696 2040,"57, Jalan Besar Ampang, Pekan Ampang, 68000 Ampang, Selangor, Malaysia",https://www.facebook.com/Sbaimiew/
Pak Ya Seafood Restaurant (Chinese Muslim)WebsiteDirections            Saved (0) Saved Save     ,+60 12-224 8660,"Club House Emerald Hill Condo, Cangkat Bukit Indah 2, Taman Bukit Indah, 68000 Ampang Jaya, Selangor, Malaysia",https://www.facebook.com/Pak-Ya-Seafood-Restaurant-947451712044110/
DJEUMPA Restaurant,+60 12-295 1741,"Oakleaf Club, Bukit Antarabangsa, 68000, Ampang, Selangor, Malaysia, 68000 Ampang Jaya, Malaysia",#
Sunara Maju,+60 14-770 0031,"BG-01, Jalan Mesra Villa, Taman Pandan Mesra, 68000 Ampang, Selangor, Malaysia",#
Jin Ji Xiang Restaurant,+60 12-919 6565,"236, Jalan Merdeka, Kampung Baru Ampang, 68000 Ampang, Selangor, Malaysia",#
Restoran Ampang,+60 16-223 2238,"No. 423, Jalan Batu 41/2, Jalan Ampang, 50450 Kuala Lumpur, Wilayah Persekutuan Kuala Lumpur, Malaysia",#
Po Cha Korean BBQ,+60 14-662 3180,"No. 15, Jalan Sulaiman 3, Taman Putra Sulaiman, 68000 Ampang, Selangor, Malaysia",https://m.facebook.com/pages/Po-Cha-BBQ/158673137533580
Chicken Royale AmpangWebsiteDirections            Saved (0) Saved Save     ,+60 18-768 2482,"9A, Jalan Wawasan 4/6, Bandar Baru Ampang, 68000 Ampang, Selangor, Malaysia",http://www.chickenroyale.com.my/
Restoran T'mor PlaceWebsiteDirections            Saved (0) Saved Save     ,+60 3-4270 5555,"G - 2, Dagang Avenue, Jalan Dagang B/3a, Taman Dagang, 68000 Ampang, Selangor, Malaysia",https://tmorplace.oddle.me/en_MY
Foong Foong Yong Tau FooDirections            Saved (0) Saved Save     ,+60 12-209 5529,"621-A, 621, Jalan Merdeka, Kampung Baru Ampang, 68000 Ampang Jaya, Selangor, Malaysia",#
Alexis Bistro & Wine Bar @ Great Eastern Mall Ampang,+60 3-4260 2288,"Great Eastern Mall, Lot 10, 303, Jalan Ampang, 50450 Kuala Lumpur, Wilayah Persekutuan, Malaysia",https://alexisbistro.cargo.site/
ALANNA'S Kitchen | Pandan Indah FoodWebsiteDirections            Saved (0) Saved Save     ,+60 12-551 8227,"8, JALAN PANDAN INDAH 1/23d, PANDAN INDAH AMPANG, 55100 Kuala Lumpur, Malaysia",https://alannaskitchen.com.my/
Romanza Le Restaurant,+60 3-4252 6058,"Hock Choon Terrace, 241b, Lorong Nibong, Off Jalan Ampang, Selangor, 68000 Ampang Jaya, Malaysia",#
Zakwan Corner (Ampang),+60 13-399 1018,"442, Lorong Merbau 3, Kampung Melayu Ampang, 68000 Ampang, Selangor, Malaysia",https://www.facebook.com/pages/category/Restaurant/Zakwan-Corner-523231331047804/
Penyet Penyet.com Ampang,+60 3-4288 6146,"12, Jalan Wawasan 2/12, Taman Wawasan, 68000 Ampang, Selangor, Malaysia",#
"Pelita Samudra Pertama ""M"" Sdn Bhd",+60 3-4253 5532,"Ampang Point, 76 & 77, Lorong Mamanda 1, Taman Dato Ahmad Razali, 68000 Ampang, Selangor, Malaysia",#
KIMGANE DAEGU MAKCHANGDirections            Saved (0) Saved Save     ,+60 3-4265 5580,"LOT C8 GROUND FLOOR, One Ampang Avenue, Jalan Ampang Utama 1/1, Taman Ampang Utama, 68000 Ampang, Selangor, Malaysia",#
Warung Nasi Budget Ampang PuteriDirections            Saved (0) Saved Save     ,+60 17-880 4332,"disudut blok a, Taman Dato Ahmad Razali, 68000 Ampang, Selangor, Malaysia",#
Beirut Restaurant,+60 3-4252 5515,"No. 16/1/1, Jalan Ampang 2/2, Ampang Business Avenue, 68000, Ampang, Selangor, 68000 Ampang Jaya, Malaysia",#
Restoran Rs Corner,+60 18-366 1145,"B 8/1/1, Businie Avenue, Jalan Ampang & One Ampang Utama 1/2, One Ampang Avenue, 68000 Ampang, Selangor, Malaysia",#
Saga Highlands Steak CafeWebsiteDirections            Saved (0) Saved Save     ,+60 16-255 8845,"30-32, Jalan Saga 20, Taman Saga, 68000 Ampang, Selangor, Malaysia",https://www.facebook.com/sagahighland1998/
Restaurant Seafood Zaman KuDirections            Saved (0) Saved Save     ,+60 18-385 1111,"Galaxy Ampang Shopping Centre, LG-J1, Mall, Jalan Dagang 5, Taman Dagang Jaya, 68000 Ampang Jaya, Selangor, Malaysia",#
Usk Restaurant,+60 16-351 9966,"Ampang, Kuala Lumpur, 68000 Ampang Jaya, Selangor, Malaysia",#
Restoran Pak PunjabiDirections            Saved (0) Saved Save     ,+60 10-245 2143,"26, Jalan Mamanda 4, Taman Dato Ahmad Razali, 68000 Ampang, Selangor, Malaysia",#
Mios Kitchen Bandar Baru AmpangWebsiteDirections            Saved (0) Saved Save     ,+60 16-266 6757,"7G, Jalan Wawasan 4/1, Bandar Baru Ampang, 68000 Ampang, Selangor, Malaysia",http://www.mioskitchen.com/
Chef Kim,+60 16-672 7464,"C3-G, Jalan Ampang Utama 1/1, Ampang Avenue, 68000 Ampang, Selangor, Malaysia",#
Highway Ampang Yong Tau FooWebsiteDirections            Saved (0) Saved Save     ,+60 3-4256 5884,"5Q72+CV, Ampang, Kuala Lumpur, 68000 Ampang, Selangor, Malaysia",https://highway-ampang-yong-tau-foo.business.site/?utm_source=gmb&utm_medium=referral
JayC TaroIce Handmade Taroballs Dessert - Spectrum AmpangDirections            Saved (0) Saved Save     ,+60 12-345 6024,"Spectrum Shopping Mall, CW-4 Cafe Walk Ground Floor, 4/2, Bandar Baru Ampang, 68000 Ampang, Selangor, Malaysia",#
The Manhattan Fish Market Ampang Point,+60 3-4265 2352,"Lot G5, Ampang Point, Jalan Mamanda 2, Taman Dato Ahmad Razali, 68000 Ampang, Selangor, Malaysia",http://www.manhattanfishmarket.com/
Kedai Ayamas Bandar Baru Ampang,+60 19-350 7906,"No. 6G, Jalan Wawasan Ampang 2/12, Bandar Baru Ampang, 68000 Ampang, Selangor, Malaysia",https://www.kedaiayamas.my/
Restoran D'Rasa,+60 13-220 6959,"A4-G-13, Jalan Mewah 4, Pandan Mewah, 68000 Ampang, Selangor, Malaysia",#
Ampang Fish Ball Noodle,+60 19-229 6882,"622, Jalan Merdeka, Kampung Baru Ampang, 68000 Ampang, Selangor, Malaysia",#
Lok Mun KopitiamDirections            Saved (0) Saved Save     ,+60 12-665 7199,"97, Jalan Besar Ampang, Pekan Ampang, 68000 Ampang, Selangor, Malaysia",#
Tanus Burger Crispy Ampang,+60 18-205 9224,"25C, Jalan Wawasan 2/10, Bandar Baru Ampang, 68000 Ampang, Selangor, Malaysia",#
Secret Recipe Bandar Baru Ampang,+60 3-2857 2416,"12, Jalan Wawasan 2/12, Taman Wawasan, 68000 Ampang, Selangor, Malaysia",http://www.secretrecipe.com.my/
Food Terrace,+60 3-4251 2252,"Great Eastern Mall, 303, Jalan Ampang, Desa Pahlawan, 50450 Ampang, Wilayah Persekutuan Kuala Lumpur, Malaysia",#
Domino's Ampang Waterfront,+60 1-300-88-8333,"23A, Jalan Awf 3, Ampang Waterfront, 68000 Ampang, Selangor, Malaysia",https://www.dominos.com.my/
Restoran Cozy Corner,+60 3-2161 5649,"266;;271, Jalan Ampang, Hampshire Park, 50450 Kuala Lumpur, Wilayah Persekutuan Kuala Lumpur, Malaysia",#
Orchard View Yong Tau FooWebsiteDirections            Saved (0) Saved Save     ,+60 3-4291 7808,"621, Jalan Merdeka, Kampung Baru Ampang, 68000 Ampang, Selangor, Malaysia",https://orchardview.orderu.com/
Restoran Ameer Ehsan,+60 12-463 5786,"Kampung Baru Ampang, 68000 Ampang Jaya, Selangor, Malaysia",#
Ampang 4th Mile Chee Cheong Fun,+60 12-350 9341,"Lorong Ampang Ulu, Kampung Berembang, 55000 Kuala Lumpur, Wilayah Persekutuan, Malaysia",#
Mohammad Chow - AmpangDirections            Saved (0) Saved Save     ,+60 12-701 5221,"No 9A-1, Tingkat, 1, Jalan Wawasan 4/6, Bandar Baru Ampang, 68000 Ampang, Selangor, Malaysia",#
Daisy Curry House,+60 19-621 6662,"Pekan Ampang, 68000 Ampang Jaya, Selangor, Malaysia",#
Pizza Hut Delivery (PHD) BANDAR BARU AMPANG,+60 1-300-88-2525,"Ground Floor, No.10, 2/12, Jalan Wawasan Ampang, Bandar Baru Ampang, 68000 Ampang, Selangor, Malaysia",https://www.pizzahut.com.my/?utm_source=googlemybusiness&utm_medium=organic&utm_campaign=phd&utm_content=websitelink
Ayie Western,+60 13-731 4057,"LOT PT 12509 (A, Jalan Ampang, Bandar Baru Ampang, 68000 Ampang, Selangor, Malaysia",#
Havoc Bistro Dagang Avenue @ Ampang,+60 16-243 3838,"Jalan Ampang Putra, Taman Nirwana, 55100 Kuala Lumpur, Selangor, Malaysia",#
Embassy food cornerDirections            Saved (0) Saved Save     ,+60 17-477 7409,"No. 37, Jalan Merdeka, Pekan Ampang, 68000 Ampang, Selangor, Malaysia",#
Restoran Wang Wang Nine (旺旺9清蒸鱼头),+60 10-225 7119,"573, Jalan 20, Kampung Baru Ampang, 68000 Ampang, Selangor, Malaysia",https://m.facebook.com/restaurant119/
Restoran Tanjong Raya,+60 13-326 3368,"No. 11-AG, Jalan Wawasan 2/2, Bandar Baru Ampang, Selangor, 68000 Ampang Jaya, Malaysia",#
Restoran Ishiraa,+60 14-363 7928,"57, Jalan Awan, Kuala Ampang, 68000 Ampang, Selangor, Malaysia",#
Yap Lim Kee Seafood RestaurantDirections            Saved (0) Saved Save     ,+60 12-661 2468,"LG - 27, Jalan Mewah 4, Ampang Mewah, 68000 Ampang, Selangor, Malaysia",#
86 restaurantDirections            Saved (0) Saved Save     ,+60 19-380 1476,"640, Jln 3/1, Kampung Baru Ampang, 68000 Ampang, Selangor, Malaysia",#
Restoran Farzana Roof Top,+60 3-4295 2786,"7, Jalan Awf 1, Ampang Waterfront, 68000 Ampang, Selangor, Malaysia",#
Koleko Family Cafe,+60 3-4296 9502,"Jalan Ampang, 68000, Malaysia, 68000 Ampang Jaya, Malaysia",#
Golden Twilight Sdn. Bhd.,+60 3-4257 3615,"30, Jalan Mamanda 7, Ampang Point Ampang, 68000, Ampang, Selangor, Malaysia",Not available
AHMAD CHIKEN RICE AMPANGWebsiteDirections            Saved (0) Saved Save     ,+60 13-315 6677,"Jalan Jati, Kampung Melayu Ampang, 68000 Ampang, Selangor, Malaysia",https://www.facebook.com/Ahmad-Chiken-Rice-Restaurant-113169560096256/?referrer=whatsapp
Selera DR,+60 12-390 5687,"3, Jalan Selaman 1, Taman Dato Ahmad Razali, 68000 Ampang, Selangor, Malaysia",#
Flaming Wheels,+60 18-220 1237,"Jalan Ampang, Kampung Melayu Ampang, 68000 Ampang, Selangor, Malaysia",#
Restoran Inshah,+60 10-362 7286,"No. 28-G, Jalan Wawasan Ampang 2/3, Bandar Baru Ampang, Selangor, 68000 Ampang Jaya, Malaysia",#
Indobowl AmpangWebsiteDirections            Saved (0) Saved Save     ,+60 11-2377 0708,"No.49-G, Jalan Sulaiman 3, Taman Ampang Hilir, 68000 Ampang, Selangor, Malaysia",https://www.facebook.com/indobowlampang
Bamboo Tree Cafe,+60 12-236 8220,"7, Jalan Merdeka Ria 3, Kampung Baru Ampang, 68000 Ampang, Selangor, Malaysia",#
The SultaniWebsiteDirections            Saved (0) Saved Save     ,+60 12-295 9060,"Level 5, Hotel Flamingo Tasik Ampang, Jalan, Ulu Kelang, 68000 Ampang Jaya, Selangor, Malaysia",http://www.sultani.com.my/
Joy's Cafe,+60 11-1111 0124,"123, Jalan Besar Ampang, Pekan Ampang, 68000 Ampang, Selangor, Malaysia",https://m.facebook.com/JoysCafePekanAmpang/?ref=bookmarks
Hakka ren,+60 19-344 2133,"154, Jalan Besar Ampang, Pekan Ampang, 68000 Ampang, Selangor, Malaysia",#
Pasta Panas Ampang,+60 14-248 0344,"Kampung Berembang, 55000 Kuala Lumpur, Federal Territory of Kuala Lumpur, Malaysia",https://www.pastapanas.com.my/
Restoran Korea Mu Jin Jang,+60 3-4256 1944,"3, Jalan Ampang Utama 2/2, One Ampang Avenue, 68000 Ampang, Selangor, Malaysia",#
SRI VINAYAGA CURRY HOUSE SDN BHDDirections            Saved (0) Saved Save     ,+60 3-4287 0057,"NO 17G, Jalan Wawasan 4/3, Bandar Baru Ampang, 68000 Ampang, Selangor, Malaysia",#
WARUNG FATIMAHDirections            Saved (0) Saved Save     ,+60 18-919 0301,"Flat Taman Dato Ahmad Razali Block C, Taman Dato Ahmad Razali, 68000 Ampang, Selangor, Malaysia",#
28 FireplaceWebsiteDirections            Saved (0) Saved Save     ,+60 10-281 7328,"28, Persiaran Ampang, Desa Pahlawan, 55000 Kuala Lumpur, Wilayah Persekutuan Kuala Lumpur, Malaysia",https://www.facebook.com/28fireplace/?fref=ts
Restoran Santapan Tradisi,+60 12-657 8543,"119, Jalan Wawasan 4/4, Bandar Baru Ampang, 68000 Ampang, Selangor, Malaysia",#
The Garage KLDirections            Saved (0) Saved Save     ,+60 3-4266 9776,"Lot 841 Jalan Hulu Klang, Jalan Hillview, 68000 Ampang, Selangor, Malaysia",#
Soo Kee RestaurantDirections            Saved (0) Saved Save     ,+60 3-4257 0767,"4th Mile, 50450, 373, Jalan Ampang, Au 1, 55000 WPKL, 55000 Ampang, Wilayah Persekutuan Kuala Lumpur, Malaysia",#
Wak Satay Station by SatayJawa,+60 16-601 2962,"63, Jalan Wawasan 4/6, Bandar Baru Ampang, 68000 Ampang, Selangor, Malaysia",#
Seoul BBQ Ampang,+60 3-4265 2329,"3, Jalan Ampang Utama 1/1, Taman Ampang Utama, 68000 Ampang, Selangor, Malaysia",http://www.lovelybao123.com/2019/06/seoul-bbq-ampang.html
Ampang Tasty ClaypotDirections            Saved (0) Saved Save     ,+60 18-872 0594,"712, Jalan Merdeka, Kampung Baru Ampang, 68000 Ampang, Selangor, Malaysia",#
Madam Hometown Wan Tan Mee,+60 16-580 0116,"154, Jalan Besar Ampang, Pekan Ampang, 68000 Ampang, Selangor, Malaysia",#
Restoran R-Manis,+60 12-332 4425,"No. 4G, Jalan 14, Taman Cempaka, Selangor, 68000 Ampang Jaya, Malaysia",#
Restoran Bintang Bistro,+60 11-3341 1448,"No. 8 1/5, Jalan Kosas Utama, Royal Selangor Golf Club, 68000 Ampang Jaya, Selangor, Malaysia",#
Gulai Omak,+60 11-2661 8759,"28D, Jalan 1, Ampang Jaya, 68000 Ampang, Selangor, Malaysia",#
SALAI dah tak niagaDirections            Saved (0) Saved Save     ,+60 11-3240 8555,"No.29 & 30, Jalan Jati, Kampung Melayu Ampang, 68000 Ampang, Selangor, Malaysia",#
Sahara Tent Restaurant (off Jalan Ampang)WebsiteDirections            Saved (0) Saved Save     ,+60 3-4257 8310,"Lorong Nibong, Taman U Thant, 55000 Kuala Lumpur, Wilayah Persekutuan Kuala Lumpur, Malaysia",http://www.saharatent.com/
Dapur Kita Kaki Panggang,+60 16-774 3830,"No 29 & 30, Jalan Jati, Kampung Melayu Ampang, 68000 Ampang, Selangor, Malaysia",#
BIGBOSS BURGER BBA,+60 17-226 5229,"Public bank, Bandar Baru Ampang, 68000 Ampang Jaya, Selangor, Malaysia",#
Pecel Lele AbahWebsiteDirections            Saved (0) Saved Save     ,+60 10-225 2940,"12 Jalan Besar Ampang, Jalan Ampang, Kampung Melayu Ampang, 68000 Ampang, Selangor, Malaysia",http://facebook.com/leleabah
Restoran RDDirections            Saved (0) Saved Save     ,+60 19-613 4499,"No. 3 & 5, Jalan Pandan Indah 1/23e, Pandan Indah, 55100 Ampang, Selangor, Malaysia",#
Law Boon Tiong,+60 3-4280 7531,"25G, Jalan Wawasan Ampang 2/10, Bandar Baru Ampang, 68000 Ampang, Selangor25G, Jalan Wawasan Ampang 2/10, 68000, Bandar Baru Ampang, Ampang, Selangor, Malaysia",#
Nasi Rizqeen,+60 12-950 7576,"Lot 29 & 30 D Kampung Melayu Food Court, Jalan Jati, Kampung Melayu Ampang, 68000 Ampang Jaya, Selangor, Malaysia",#
AMPANG CORNER,+60 18-288 3928,"No 1&2 Gerai statik, Jalan Kolam Air Lama, 68000 Ampang Jaya, Selangor, Malaysia",#
FanThai,+60 14-734 3887,"Jalan Jati, Kampung Melayu Ampang, 68000 Ampang, Selangor, Malaysia",#
Ar-Rayyan Briyani HouseWebsiteDirections            Saved (0) Saved Save     ,+60 13-899 0131,"39G, Jalan Wawasan 2/1, Bandar Baru Ampang, 68000 Ampang, Selangor, Malaysia",https://www.google.com/url?sa=t&source=web&rct=j&url=https://m.facebook.com/pages/category/Restaurant/Ar-Rayyan-Briyani-House-348506672426928/&ved=2ahUKEwi8g6yzh_3hAhV98XMBHWm4Bn0QFjAAegQIBBAB&usg=AOvVaw1My4XJGN72ZNukeuSsmwEJ
Restoran Namasthe Indian,+60 13-333 2285,"no 12 batu, 4, Persiaran Ampang, Desa Pahlawan, 55000 Kuala Lumpur, Federal Territory of Kuala Lumpur, Malaysia",#
Ampang BOB KOPITIAMDirections            Saved (0) Saved Save     ,+60 10-227 9983,"972a, Jalan 16, Kampung Baru Ampang, 68000 Ampang, Selangor, Malaysia",#
Asam Pedas 1949,+60 19-693 5966,"Kampung Melayu Ampang, 68000 Ampang Jaya, Selangor, Malaysia",#
Restoran Hong Sang,+60 12-980 2622,"D22, Gerai Staik, Jalan Bunga Tanjung 10, Taman Muda, 68000 Ampang, Selangor, Malaysia",#
Ampang Fishball Restaurant 安邦西刀魚丸粉,+60 12-285 2828,"14G, Jalan Perubatan 2, Pandan Indah, 55100 Kuala Lumpur, Selangor, Malaysia",#
Xiang Xiang Bak Kut TehDirections            Saved (0) Saved Save     ,+60 14-323 1268,"712, Jalan Merdeka, Kampung Baru Ampang, 68000 Ampang, Selangor, Malaysia",#
KFC Ampang 2,+60 3-4287 4082,"52G, 54G, Jalan Wawasan 2/3, Bandar Baru Ampang, 68000 Kuala Lumpur, Selangor, Malaysia",https://kfc.com.my/
Restoran KG Gegar @ Taman Dagang AmpangWebsiteDirections            Saved (0) Saved Save     ,+60 3-2330 1519,"G-6 Dagang Cahaya, Jalan Dagang 5, Taman Dagang, Ampang Jaya, Malaysia",https://www.facebook.com/Kari-Gegar-1674450326156469/
Insieme Italian Restaurant & Bar,+60 17-738 0163,"Hock Choon Supermarket, Lot 1F-09, 1st Floor, 241, 1, Jalan Ampang, 50450 Kuala Lumpur, Federal Territory of Kuala Lumpur, Malaysia",#
Restaurant Good Friend Keong,+60 16-969 5222,"Jalan Besar Ampang, Pekan Ampang, 68000 Ampang, Selangor, Malaysia",#
Dhaka Restaurant,+60 10-709 7656,"27, Jalan Besar Ampang, Pekan Ampang, 68000 Ampang, Selangor, Malaysia",#
Restoran Ayam Kampung,+60 12-776 2426,"Kampung Melayu Ampang, 68000 Ampang Jaya, Selangor, Malaysia",#
MZ nasi ayam king taman kosas 68000 ampang,+60 19-238 5186,"MZ nasi ayam king taman kosas 68000 ampang jaya selangor Kuala lumpur, 68000 Ampang, Malaysia",#
ALI SUCI ENTERPRISEDirections            Saved (0) Saved Save     ,+60 17-731 4404,"LOT 006, Jalan Pasar, Pekan Ampang, 68000 Ampang, Selangor, Malaysia",#
Kedai Makanan Sun SunDirections            Saved (0) Saved Save     ,+60 3-4297 9178,"103, Jalan Besar Ampang, Pekan Ampang, 68000 Ampang, Selangor, Malaysia",#
Dagang Avenue Food Court,+60 17-679 4779,"JalanTaman, Jalan Dagang, Taman Nirwana, 68000 Ampang, Selangor, Malaysia",https://www.facebook.com/dagangavenuefoodcourt/
Veg Fish Farm Thai RestaurantWebsiteDirections            Saved (0) Saved Save     ,+60 16-398 6493,"KM4, Jalan Hulu Langat, 68000 Ampang, Selangor, Malaysia",http://www.fishfarmthai.com.my/
Green Tomato CafeWebsiteDirections            Saved (0) Saved Save     ,+60 12-257 9775,"51 embun kemensah, Jln Tiara Kemensah 3, 68000 Ampang, Selangor, Malaysia",https://green-tomato-cafe.business.site/
Ampang Lookout Point,+60 11-3740 8409,"B62, Jalan Hulu Langat, 43100 Ampang, Selangor, Malaysia",#
"Dolly Dim Sum, Avenue K",+60 12-678 7842,"Avenue K, G9, 156, Jln Ampang, Kampung Baru, 50450 Kuala Lumpur, Malaysia",http://www.dollydimsum.com/
The Butter PantryWebsiteDirections            Saved (0) Saved Save     ,+60 3-4266 5502,"C6-M & C7-M, Jalan Ampang Utama 1/1, One Ampang Avenue, 68000 Ampang, Selangor, Malaysia",https://www.instagram.com/thebutterpantrykl/
Pejabat Pos Ampang Point,+60 3-4253 2850,"Lot F21A, First Floor Ampang Point Shopping Center, Jln Ampang, 68000 Ampang, Wilayah Persekutuan Kuala Lumpur, Malaysia",https://www.pos.com.my/
"Klinik Kita, Ampang Business Avenue",+60 3-4257 1232,"Unit B 3A/1/1, Jalan Ampang Utama 1/2, One Ampang Business Avenue, Ampang, Ampang, Hulu Langat, 53300, Malaysia",#
Savini Restaurant,+60 3-2181 4488,"Level 2, Lot 2-05,The Intermark, Jln Tun Razak, 50400 Kuala Lumpur, Malaysia",#
Sushi OribeWebsiteDirections            Saved (0) Saved Save     ,+60 3-2181 4099,"Vipod Residences, Ground Floor Block C-1, No 6, Jalan Kia Peng, Kuala Lumpur, 50450 Kuala Lumpur, Malaysia",http://oribe-sushi.com.my/
Tarbush RestaurantWebsiteDirections            Saved (0) Saved Save     ,+60 3-2142 8558,"138, Bukit Bintang St, Bukit Bintang, 55100 Kuala Lumpur, Federal Territory of Kuala Lumpur, Malaysia",https://www.facebook.com/TarbushRestaurantMalaysia/
Nak Won Korean BBQ Restaurant,+60 3-7987 3004,"7 - 1 - 1, Jalan 3/109f, Taman Danau Desa, 58100 Kuala Lumpur, Federal Territory of Kuala Lumpur, Malaysia",#
