Name,Service,Phone number,Address,Website,Menu,Order
Sweetree RestaurantWebsiteDirections            Saved (0) Saved Save     , Dine-in · Takeaway,+60 17-282 1550,"L1, 12 L1 & 13, L2, Jalan Ampang Putra, Taman Putra Sulaiman, 68000 Ampang, Selangor, Malaysia",http://www.sweetree.net/,['https://sweetree.net/ala-carte'],"['https://sweetree.oddle.me/en_MY/', 'https://api.whatsapp.com/send/?phone=60172821550&text&app_absent=0', 'https://www.foodpanda.my/restaurant/c2na/sweetree-restaurant?utm_source=google&utm_medium=organic&utm_campaign=google_reserve_place_order_action']"
La Risata Bar Pizzeria Ristorante (Ampang)WebsiteDirections            Saved (0) Saved Save     , Dine-in · Takeaway · Delivery,+60 3-4252 6269,"16, Persiaran Ampang, Kuala Ampang, 55000 Kuala Lumpur, Wilayah Persekutuan Kuala Lumpur, Malaysia",http://la-risata.com/,['http://linktr.ee/Larisata'],"['http://larisata.beepit.com/', 'https://link.gem.live/YMmj/larisataampang', 'https://www.tableapp.com/delivery/la-risata-ampang']"
Tehran RestaurantWebsiteDirections            Saved (0) Saved Save     , Dine-in · Takeaway,+60 12-505 5909,"Business Avenue, A 10-1-1, Jalan Ampang Utama 2/2, One Ampang, Taman Ampang Utama, 68000 Ampang Jaya, Selangor, Malaysia",https://easyeat.ai/r/tehran-restaurant,[],['https://www.foodpanda.my/restaurant/j5ov/tehran-restaurant?utm_source=google&utm_medium=organic&utm_campaign=google_reserve_place_order_action']
YaHala Restaurant - AmpangWebsiteDirections            Saved (0) Saved Save     , Dine-in · Takeaway · No-contact delivery,+60 3-4266 3552,"1, Jalan Nipah, Kampung Berembang, 55000 Kuala Lumpur, Wilayah Persekutuan Kuala Lumpur, Malaysia",http://www.yahalares.com/,['https://yahalares.com/food-menu'],"['https://food.grab.com/my/en/restaurant/yahala-restaurant-ampang-delivery/1-CZEAJ74JA3TFVJ', 'https://www.foodpanda.my/restaurant/s9wn/yahala-restaurant-ampang?utm_source=google&utm_medium=organic&utm_campaign=google_reserve_place_order_action']"
Las Carretas Mexican Restaurant & Bar @Ampang, Dine-in · Takeaway · Delivery,+60 3-4257 1668,"22, Persiaran Ampang, Desa Pahlawan, 55000 Kuala Lumpur, Wilayah Persekutuan Kuala Lumpur, Malaysia",https://lascarretas.com/,[],[]
Mohd Chan Restaurant @ Ampang, Dine-in · Takeaway · No-contact delivery,+60 11-2330 5584,"Ground Floor, No 39 & 40, Jln Mamanda 9, Taman Dato Ahmad Razali, 68000 Ampang, Selangor, Malaysia",http://www.mohdchan.com.my/,[],[]
QASAR BALQIS RESTAURANT (Ampang), Dine-in · Takeaway · No-contact delivery,+60 3-4266 8681,"Jalan 5, 498, Jln Ampang, Batu 4 1, 68000 Ampang, Selangor, Malaysia",http://www.qasarbalqis.com/,[],[]
Royal Family RestaurantWebsiteDirections            Saved (0) Saved Save     , Dine-in · Takeaway,+60 11-1123 8442,"Unit 10، L1, Jalan Ampang Putra, Taman Putra Sulaiman, 68000 Ampang Jaya, Selangor, Malaysia",https://www.facebook.com/royalfamilyrest/,[],[]
Chalet Suisse RestaurantWebsiteDirections            Saved (0) Saved Save     , Dine-in · Takeaway,+60 3-4252 4589,"No.C11-1, Jalan 1 & Jalan Ampang Utama 1/1, One Ampang Avenue, 68000 Ampang, Selangor, Malaysia",http://chaletsuisse.com.my/,[],[]
Naan Corner RestaurantDirections            Saved (0) Saved Save     , Dine-in · Takeaway,+60 16-947 2020,"12, Lorong Kerja Air Lama 2, Ukay Heights, 68000 Ampang, Selangor, Malaysia",#,[],[]
b.stationWebsiteDirections            Saved (0) Saved Save     , Dine-in · Curbside pickup · No-contact delivery,+60 3-4251 0455,"Malaysia, Selangor, Ampang Jaya, C14, Ground floor 1, Jalan Ampang Utama 1/1",https://www.facebook.com/Bstation,['https://www.facebook.com/Bstation/photos/ms.c.eJw9zcENwDAIQ9GNKsAGk~;0Xq0KbXJ~_~_bGcAaqdbhsseH1AuybuX~;9CpKUIHAgN1C9YA~_mywNwTqFPhe8r7IiM7kHS1tYNoLH70ekA~-~-.bps.a.1423377374385580/1423378141052170/?type=3&theater'],[]
Naili's PlaceDirections            Saved (0) Saved Save     , Dine-in · Takeaway · Delivery,+60 3-4265 7165,"39, Jln Mamanda 9, Taman Dato Ahmad Razali, 68000 Ampang, Selangor, Malaysia",#,[],['https://www.foodpanda.my/restaurant/r6lw/naili-s-place?utm_source=google&utm_medium=organic&utm_campaign=google_reserve_place_order_action']
Restaurant Yeah CuisineWebsiteDirections            Saved (0) Saved Save     , Dine-in · Curbside pickup · No-contact delivery,+60 14-201 1302,"No. 41, Jalan Awan, Kuala Ampang, 68000 Ampang, Selangor, Malaysia",https://www.facebook.com/yeahcuisine,['https://www.facebook.com/yeahcuisine/menu/'],"['https://yeahcuisine.oddle.me/en_MY', 'https://www.foodpanda.my/restaurant/q2bq/yeah-cusine?utm_source=google&utm_medium=organic&utm_campaign=google_reserve_place_order_action']"
Suzi's CornerWebsiteDirections            Saved (0) Saved Save     , Dine-in · Takeaway,+60 16-448 4322,"Jln Ampang, Kampung Berembang, 55000 Kuala Lumpur, Wilayah Persekutuan Kuala Lumpur, Malaysia",https://m.facebook.com/suziscornerhq,[],[]
NAEB Iranian Fine CuisineWebsiteDirections            Saved (0) Saved Save     , Dine-in · Takeaway · Delivery,+60 12-393 0015,"30, Jalan Mamanda 7, Taman Dato Ahmad Razali, 68000 Ampang, Selangor, Malaysia",https://naeb-iranian-fine-cuisine.business.site/?copy,[],[]
Arab Town RestaurantDirections            Saved (0) Saved Save     , Dine-in · Takeaway · No delivery,+60 3-4266 7630,"21-27, Jalan Mamanda 4, Taman Dato Ahmad Razali, 68000 Ampang, Selangor, Malaysia",#,['https://www.facebook.com/ArabTownKL/menu/'],['https://www.foodpanda.my/restaurant/p5vr/arab-town?utm_source=google&utm_medium=organic&utm_campaign=google_reserve_place_order_action']
kangsane restaurantDirections            Saved (0) Saved Save     , Dine-in · Takeaway,+60 19-321 5685,"A11/5/5, Ampang business avenue, ampang, s, 68000 Ampang, Selangor, Malaysia",#,[],[]
Tamarind SpringsWebsiteDirections            Saved (0) Saved Save     , Dine-in · Takeaway · Delivery,+60 3-4256 9300,"Jalan 1, Taman Tun Abdul Razak, 68000 Ampang, Selangor, Malaysia",https://www.tamarindrestaurants.com/tamarind-springs,[],['https://letsumai.com/widget/tamarind-springs']
Dayang Sarawak Corner Ampang, Dine-in · Takeaway,+60 3-4265 3875,"13, Jalan Mamanda 7/1, Taman Dato Ahmad Razali, 68000 Ampang, Selangor, Malaysia",#,[],['https://www.foodpanda.my/restaurant/q2zh/dayang-sarawak-corner-ampang?utm_source=google&utm_medium=organic&utm_campaign=google_reserve_place_order_action']
Safa Restaurant, Dine-in · Takeaway,+60 13-302 2221,"De Palma Hotel Ampang, Jalan Selaman 1/2, Palm Square Ampang Point, Jalan Ampang, 68000 Ampang Jaya, Selangor, Malaysia",http://safarestaurant.wordpress.com/,[],[]
Cozy Corner @ Ampang Point, Dine-in · Takeaway · Delivery,+60 3-4260 2323,"Ampang Point Mezanine Floor Jalan Mamanda 4 Taman Dato Ahmad Razali 68000 Ampang Jaya Selangor Jalan Mamanda 4 Taman Dato Ahmad Razali 68000 Ampang Jaya Selangor Malaysia, Jalan Mamanda 4, Taman Dato Ahmad Razali, 68000 Ampang Jaya, Selangor, Malaysia",#,[],[]
The Daily Grind AmpangWebsiteDirections            Saved (0) Saved Save     , Dine-in · Drive-through · No-contact delivery,+60 3-4265 7600,"26, Persiaran Ampang, Desa Pahlawan, 55000 Kuala Lumpur, Wilayah Persekutuan Kuala Lumpur, Malaysia",http://www.thedailygrind.com.my/,[],"['http://linktr.ee/thedailygrindkl', 'https://thedailygrind.beepit.com/', 'https://link.gem.live/YMmj/tdgampang']"
Super Saigon Ampang - Pho Beef Cafe, Dine-in · Takeaway · Delivery,+60 3-2856 9998,"34, Persiaran Ampang, Desa Pahlawan, 55000 Kuala Lumpur, Wilayah Persekutuan Kuala Lumpur, Malaysia",#,['https://order.supersaigon.com.my/en_MY/?utm_source=oddle&utm_medium=website&utm_campaign=marche'],['https://order.supersaigon.com.my/en_MY/?utm_source=oddle&utm_medium=website&utm_campaign=marche']
Flipp AmpangDirections            Saved (0) Saved Save     , Dine-in · Takeaway · Delivery,+60 3-2856 8734,"24, Persiaran Ampang, Dataran Pahlawan, 55000 Ampang, Wilayah Persekutuan Kuala Lumpur, Malaysia",#,[],[]
Jal Dae Ji - Korean BBQ 韩国烤肉WebsiteDirections            Saved (0) Saved Save     , Dine-in · Takeaway,+60 16-671 4625,"One Business Avenue, Jalan Ampang Utama 2/2, Taman Ampang Utama, 68000 Ampang Jaya, Selangor, Malaysia",http://www.facebook.com/jaldaeji,[],[]
Taiwan Noodle House, Dine-in · Takeaway · Delivery,+60 3-4251 5131,"F31, Jln Mamanda 9, Taman Dato Ahmad Razali, 68000 Ampang Jaya, Selangor, Malaysia",#,[],['https://www.foodpanda.my/restaurant/c7zj/taiwan-house?utm_source=google&utm_medium=organic&utm_campaign=google_reserve_place_order_action']
Auntie Khoo Kitchen, Dine-in · Takeaway,+60 3-4287 5332,"6-G, Jalan Dravidan, Bandar Baru Ampang, 68000 Ampang Jaya, Selangor, Malaysia",#,[],[]
Tamarind Restaurants, Dine-in · Takeaway,+60 3-4252 0836,"8, Jalan Awan, Ulu Kelang, 68000, Ampang, Selangor, 68000, Malaysia",#,[],[]
Hillside CornerDirections            Saved (0) Saved Save     , Dine-in · Takeaway · Delivery,+60 3-4108 8301,"12 Bukit Antarabangsa, Jalan Wangsa 2, Hulu Kelang, 68000 Ampang, Selangor, Malaysia",#,[],[]
Restaurant Beng KeeWebsiteDirections            Saved (0) Saved Save     , Dine-in · Takeaway · No delivery,+60 12-221 8551,"No.15, 17, Jalan Awan, Ampang, Kuala Lumpur, 68000 Ampang Jaya, Selangor, Malaysia",https://www.facebook.com/BengKeeSeafood/,[],[]
Kabul Darbar RestaurantWebsiteDirections            Saved (0) Saved Save     , Dine-in · Takeaway · No-contact delivery,+60 11-3610 7004,"B14-1 Batu, 4.5, Jalan Ampang Utama 2/2, 68000 Ampang, Selangor, Malaysia",https://easyeat.ai/r/kabul-darbar,[],['https://easyeat.ai/r/kabul-darbar']
Bora-bora Cafe & Restaurant, Dine-in · Takeaway,+60 3-4251 6303,"75, Ampang Point Shopping Centre, Jalan Mamanda 3, 68000 Ampang Jaya, Selangor, Malaysia",Not available,[],[]
JomKL RestaurantDirections            Saved (0) Saved Save     , Dine-in · Takeaway,+60 12-345 1575,"No 23A, 25 & 26, Ground Floor, Ampang Point Shopping Mall, 68000 Ampang, Selangor, Malaysia",#,[],[]
DJEUMPA Restaurant, Dine-in · Takeaway,+60 12-295 1741,"Oakleaf Club, Bukit Antarabangsa, 68000, Ampang, Selangor, Malaysia, 68000 Ampang Jaya, Malaysia",#,[],[]
C Good Home RestaurantDirections            Saved (0) Saved Save     , Dine-in · Takeaway,+60 16-773 7326,"622, Jalan Merdeka, Kampung Baru Ampang, 68000 Ampang, Selangor, Malaysia",#,[],[]
Hadramawt Kitchen AmpangWebsiteDirections            Saved (0) Saved Save     , Dine-in · Takeaway · Delivery,+60 19-242 8841,"314, Jln Ampang, Kampung Berembang, 50450 Kuala Lumpur, Wilayah Persekutuan Kuala Lumpur, Malaysia",http://www.hadramawt-kitchen.my/,[],[]
Restoran Ampang, Dine-in · Takeaway,+60 16-223 2238,"No. 423, Jalan Batu 41/2, Jalan Ampang, 50450 Kuala Lumpur, Wilayah Persekutuan Kuala Lumpur, Malaysia",#,[],[]
Uncle Jang Restaurant, Dine-in · Takeaway · Delivery,+60 3-4285 6264,"Malaysia, Federal Territory of Kuala Lumpur, Kuala Lumpur, D7 Jalan Excella 2 Off Ampang Putra Taman Ampang Hilir",#,[],[]
MARYAM RESTAURANT Arabic foodDirections            Saved (0) Saved Save     , Dine-in · Takeaway · Delivery,+60 3-4266 7248,"14, Jalan Mamanda 5, Taman Dato Ahmad Razali, 68000 Ampang, Selangor, Malaysia",#,[],[]
SaporeWebsiteDirections            Saved (0) Saved Save     , Dine-in · Takeaway · Delivery,+60 3-4266 6362,"18, Persiaran Ampang, Desa Pahlawan, 55000 Kuala Lumpur, Wilayah Persekutuan Kuala Lumpur, Malaysia",http://www.sapore18my.com/,['https://drive.google.com/drive/folders/14XPJhaCVT-R6BjsMXLBQ_7dJe_CKYklc?usp=sharing'],"['https://sapore.alacarte.my/', 'https://www.grab.com/my/food/', 'https://www.foodpanda.my/restaurant/m1ko/sapore?utm_source=google&utm_medium=organic&utm_campaign=google_reserve_place_order_action']"
Restaurant Good Friend Keong, Dine-in · Takeaway,+60 16-969 5222,"Jalan Besar Ampang, Pekan Ampang, 68000 Ampang, Selangor, Malaysia",#,[],[]
FattyCrabsWebsiteDirections            Saved (0) Saved Save     , Dine-in · Takeaway · Delivery,+60 1-300-22-2100,"B3-2 & B3-3, Liberty Arc @ Ampang Ukay, Persiaran Ampang Ukay, 68000, Ampang Jaya, Selangor, Malaysia",http://www.fattycrabs.com/,[],[]
Romanza Le Restaurant, Dine-in · Takeaway,+60 3-4252 6058,"Hock Choon Terrace, 241b, Lorong Nibong, Off Jalan Ampang, Selangor, 68000 Ampang Jaya, Malaysia",#,[],[]
Mios Kitchen Bandar Baru AmpangWebsiteDirections            Saved (0) Saved Save     , Dine-in · Drive-through · No-contact delivery,+60 16-266 6757,"7G, Jalan Wawasan 4/1, Bandar Baru Ampang, 68000 Ampang, Selangor, Malaysia",http://www.mioskitchen.com/,[],[]
Gomone Restaurant, Dine-in · Takeaway,+60 3-4266 7858,"Ampang Point, F 32, Jalan Mamanda 3, Taman Dato Ahmad Razali, 68000 Ampang Jaya, Selangor, Malaysia",https://www.facebook.com/gomonaekoreafood/,[],[]
Kah Heong Restaurant Taste, Dine-in · Takeaway · Delivery,+60 18-213 2623,"No. 89, Main Street, Pekan Ampang, 68000 Ampang, Selangor, Malaysia",#,[],[]
Po Cha Korean BBQ, Dine-in · Takeaway,+60 14-662 3180,"No. 15, Jalan Sulaiman 3, Taman Putra Sulaiman, 68000 Ampang, Selangor, Malaysia",https://m.facebook.com/pages/Po-Cha-BBQ/158673137533580,[],[]
Restaurant Long Thai Food, Dine-in · Takeaway · Delivery,+60 11-3790 4188,"10, Jalan Excella 3, Taman Ampang Hilir, 55100 Kuala Lumpur, Selangor, Malaysia",#,[],[]
Dhaka Restaurant, Dine-in · Takeaway,+60 10-709 7656,"27, Jalan Besar Ampang, Pekan Ampang, 68000 Ampang, Selangor, Malaysia",#,[],[]
"Kay's Steak & Lobster (Liberty Arc, Ampang)WebsiteDirections            Saved (0) Saved Save     ", Dine-in · Curbside pickup · No-contact delivery,+60 3-4065 5127,"B3-7, Arc @ Ampang Ukay Persiaran Ampang Ukay, 68000 Ampang, Selangor, Malaysia",http://www.kaysteaklobster.com/,['https://www.kaysteaklobster.com/post/_menu'],['https://wasap.kaysteaklobster.com/Ampang']
Beirut Restaurant,,+60 3-4252 5515,"No. 16/1/1, Jalan Ampang 2/2, Ampang Business Avenue, 68000, Ampang, Selangor, 68000 Ampang Jaya, Malaysia",#,[],[]
Royal Hadramawt RestaurantWebsiteDirections            Saved (0) Saved Save     , Dine-in · Curbside pickup · No-contact delivery,+60 3-4265 6464,"Lot GB, Plaza Flamingo, No.2, Tasik Ampang Jalan, 68000 Ampang Jaya, Selangor, Malaysia",http://www.royalhadramawt.com/,['https://royalhadramawt.com/menu'],['https://www.foodpanda.my/restaurant/n9fs/royal-hadramawt-restaurant?utm_source=google&utm_medium=organic&utm_campaign=google_reserve_place_order_action']
Hanwoori RestaurantWebsiteDirections            Saved (0) Saved Save     , Dine-in · Takeaway · Delivery,+60 3-4253 1308,"C6, 1, Jalan Ampang Utama 1/1, Taman Ampang Utama, 68000 Ampang Jaya, Selangor, Malaysia",http://www.facebook.com/hanwoorimy,[],[]
Restoran Rs Corner, Dine-in · Takeaway,+60 18-366 1145,"B 8/1/1, Businie Avenue, Jalan Ampang & One Ampang Utama 1/2, One Ampang Avenue, 68000 Ampang, Selangor, Malaysia",#,[],[]
Zakwan Corner (Ampang), Dine-in · Takeaway,+60 13-399 1018,"442, Lorong Merbau 3, Kampung Melayu Ampang, 68000 Ampang, Selangor, Malaysia",https://www.facebook.com/pages/category/Restaurant/Zakwan-Corner-523231331047804/,[],[]
"Restoran Teochew & Hakka, AmpangWebsiteDirections            Saved (0) Saved Save     ", Dine-in · Curbside pickup · No-contact delivery,+60 16-256 0181,"363-1, Jalan Ampang Batu 4 吉隆坡, 50450, Federal Territory of Kuala Lumpur, Malaysia",https://teochewhakka.oddle.me/en_MY,[],[]
Dragon Thai Restaurant Jalan Nirwana 38 Ampang (HALAL FOOD)WebsiteDirections            Saved (0) Saved Save     , Dine-in · Takeaway · Delivery,+60 3-2303 9797,"B2-2-G Ground Floor City Garden Commercial Center, Jalan Nirwana 38, Taman Nirwana, 68000 Ampang, Selangor, Malaysia",https://www.foodpanda.my/restaurant/n1ih/dragon-thai-restaurant?r=1,['https://www.foodpanda.my/restaurant/n1ih/dragon-thai-restaurant?r=1'],['https://www.foodpanda.my/restaurant/n1ih/dragon-thai-restaurant?utm_source=google&utm_medium=organic&utm_campaign=google_reserve_place_order_action']
Restoran Utama Cafe, Dine-in · Takeaway,+60 11-1631 5786,"B3, 1, Jalan Ampang Utama 2/2, One Ampang Avenue, 68000 Ampang Jaya, Selangor, Malaysia",#,[],[]
"Pelita Samudra Pertama ""M"" Sdn Bhd", Dine-in · Takeaway · Delivery,+60 3-4253 5532,"Ampang Point, 76 & 77, Lorong Mamanda 1, Taman Dato Ahmad Razali, 68000 Ampang, Selangor, Malaysia",#,[],[]
Usk Restaurant,,+60 16-351 9966,"Ampang, Kuala Lumpur, 68000 Ampang Jaya, Selangor, Malaysia",#,[],[]
Restaurant Loke Yun Ampang, Dine-in · Takeaway · Delivery,+60 3-4291 9884,"158, Jalan Besar Ampang, Pekan Ampang, 68000 Ampang, Selangor, Malaysia",#,[],[]
Soru Station AmpangWebsiteDirections            Saved (0) Saved Save     , Dine-in · Takeaway,+60 10-554 7701,"1, Jalan Wawasan 4/4, Bandar Baru Ampang, 68000 Ampang, Selangor, Malaysia",http://www.sorustation.com/,['https://order.sorustation.com/'],[]
Restoran Al AndalusDirections            Saved (0) Saved Save     , Dine-in · Takeaway · Delivery,+60 3-4288 6046,"Taman Putra Sulaiman, 68000 Ampang Jaya, Selangor, Malaysia",#,[],[]
Restaurant Rasa Nyonya Penang, Dine-in · Takeaway,+60 3-4256 6212,"75G & 75M, Jalan Mamanda 1, Ampang point, Ampang, 68000, Ampang, Selangor, 68000, Malaysia",#,[],[]
Chef Kim, Dine-in · Takeaway,+60 16-672 7464,"C3-G, Jalan Ampang Utama 1/1, Ampang Avenue, 68000 Ampang, Selangor, Malaysia",#,[],[]
86 restaurantDirections            Saved (0) Saved Save     , Dine-in · Takeaway · Delivery,+60 19-380 1476,"640, Jln 3/1, Kampung Baru Ampang, 68000 Ampang, Selangor, Malaysia",#,[],[]
Seoul BBQ Ampang, Dine-in · Takeaway,+60 3-4265 2329,"3, Jalan Ampang Utama 1/1, Taman Ampang Utama, 68000 Ampang, Selangor, Malaysia",http://www.lovelybao123.com/2019/06/seoul-bbq-ampang.html,[],[]
Restoran T'mor PlaceWebsiteDirections            Saved (0) Saved Save     , Dine-in · Takeaway,+60 3-4270 5555,"G - 2, Dagang Avenue, Jalan Dagang B/3a, Taman Dagang, 68000 Ampang, Selangor, Malaysia",https://tmorplace.oddle.me/en_MY,[],['https://www.foodpanda.my/restaurant/wl6o/tmor-place-1?utm_source=google&utm_medium=organic&utm_campaign=google_reserve_place_order_action']
Makan CultureWebsiteDirections            Saved (0) Saved Save     , Dine-in · Takeaway · Delivery,+60 3-4266 6819,"G 18 Ground Floor, Ampang Point, Mall, Jalan Mamanda 3, Taman Dato Ahmad Razali, 68000 Ampang, Selangor, Malaysia",http://www.makanculture.com/,[],['https://www.foodpanda.my/restaurant/s6ai/makan-culture-ampang-point?utm_source=google&utm_medium=organic&utm_campaign=google_reserve_place_order_action']
Warung Kita Ampang, Dine-in · Takeaway,+60 12-981 4629,"Bandar Baru Ampang, 68000 Ampang Jaya, Selangor, Malaysia",#,[],[]
Restoran Ameer Ehsan, Dine-in · Takeaway,+60 12-463 5786,"Kampung Baru Ampang, 68000 Ampang Jaya, Selangor, Malaysia",#,[],[]
Restaurant Seafood Zaman KuDirections            Saved (0) Saved Save     , Dine-in · Takeaway · Delivery,+60 18-385 1111,"Galaxy Ampang Shopping Centre, LG-J1, Mall, Jalan Dagang 5, Taman Dagang Jaya, 68000 Ampang Jaya, Selangor, Malaysia",#,['https://www.facebook.com/111148230509365/photos/ms.c.eJwzNDQ0tDAwNTW2MLY0MTPTMwTzTYzAfHNLAGOlBkk~-.bps.a.111180160506172/111180553839466/?type=3&theater'],[]
Restoran On Pong, Dine-in · Takeaway,+60 16-381 8060,"G - 41 - 1, Plaza Ampang Jaya, Jalan Mewah 1, Taman Ampang Mewah, 68000 Ampang, Selangor, Malaysia",#,[],[]
Nippon Sushi Ampang, Dine-in · Takeaway · Delivery,+60 3-4266 8855,"Lorong Mamanda 1, Taman Dato Ahmad Razali, 68000 Ampang, Selangor, Malaysia",http://www.nipponsushi.com.my/,[],[]
Pasta Panas Ampang, Dine-in · Takeaway · Delivery,+60 14-248 0344,"Kampung Berembang, 55000 Kuala Lumpur, Federal Territory of Kuala Lumpur, Malaysia",https://www.pastapanas.com.my/,[],[]
Restoran D'Rasa, Dine-in · Takeaway,+60 13-220 6959,"A4-G-13, Jalan Mewah 4, Pandan Mewah, 68000 Ampang, Selangor, Malaysia",#,[],[]
